set,description,delta,theta,alpha,beta,gamma
Z,Healthy (Eyes Open),480.97966017244306,296.3199926088907,516.6567339509262,172.2145692569124,8.17361577215625
O,Healthy (Eyes Closed),777.8445360337806,250.02584737352078,791.3151218506157,186.4691179428049,12.850205427528923
N,Interictal (Hippocampus),1199.5968380371974,530.7467598797301,107.384653551518,44.299417138222076,1.5247989452085955
F,Interictal (Cortex),420.06237453865697,106.57792335326137,39.90976431591326,26.828555156348443,2.2017991597852857
S,Ictal (Seizure),51071.7891132707,39709.90564359564,40719.18542830777,59141.30877618362,833.7316994718713
