Model,Test Accuracy,Test Precision,Test Recall,Test F1-Score,Test AUC-ROC
LightGBM,0.995833,0.993367,0.998333,0.995844,0.999894
SVM,0.995833,0.996661,0.995,0.99583,0.999769
1D CNN,0.995833,0.996661,0.995,0.99583,0.999942
XGBoost,0.994167,0.990083,0.998333,0.994191,0.999842
Random Forest,0.99,0.986755,0.993333,0.990033,0.999826
Logistic Regression,0.981667,0.986532,0.976667,0.981575,0.999103
Attention-LSTM,0.96,0.989362,0.93,0.958763,0.991225
LSTM,0.625,0.615741,0.665,0.639423,0.688686
