fit_time,score_time,test_accuracy,train_accuracy,test_precision,train_precision,test_recall,train_recall,test_f1,train_f1,test_roc_auc,train_roc_auc
2.7380003929138184,0.06311798095703125,0.9973214285714286,1.0,0.9964349376114082,1.0,0.9982142857142857,1.0,0.9973238180196253,1.0,0.9999649234693877,1.0
3.018693208694458,0.04586625099182129,0.9946428571428572,1.0,0.9928825622775801,1.0,0.9964285714285714,1.0,0.9946524064171123,1.0,0.9998086734693878,1.0
2.7245705127716064,0.05297374725341797,0.9928571428571429,1.0,0.9859154929577465,1.0,1.0,1.0,0.9929078014184397,1.0,0.9995854591836735,1.0
2.751340389251709,0.0724036693572998,0.9973214285714286,1.0,0.9964349376114082,1.0,0.9982142857142857,1.0,0.9973238180196253,1.0,0.9999872448979592,1.0
2.7022454738616943,0.05123639106750488,0.9982142857142857,1.0,0.9982142857142857,1.0,0.9982142857142857,1.0,0.9982142857142857,1.0,0.9999808673469387,1.0
