accuracy,precision,recall,f1_score,true_negatives,false_positives,false_negatives,true_positives,specificity,sensitivity,npv,ppv,roc_auc
0.9958333333333333,0.9933665008291874,0.9983333333333333,0.9958437240232751,596,4,1,599,0.9933333333333333,0.9983333333333333,0.998324958123953,0.9933665008291874,0.9998944444444443
